Item,Scientific Name
Acorns
Almonds
Andean Walnuts
Argan Nuts
Baru Nuts
Beech Nuts
Betel Nuts
Bitter Almond
Black Walnuts
Blanco Almond
Brazil Nuts
Breadnut
Bunya Nut
Butternuts
Canarium Nut
Candle Nuts
Caramel Almond
Cashews
Chestnuts
Chilean Hazelnut
Chinese Chestnut
Dika Nuts
English Walnut
Filberts
Fritz Almonds
Gabon Nuts
Ginkgo Nuts
Green Almonds
Hazelnuts
Hickory Nuts
Jack Nuts
Kola Nuts
Kurrajong Nuts
Lotus Nuts
Macadamia Nuts
Malabar Chestnut
Marcona Almond
Mission Almond
Mongongo Nuts
Monkey Puzzle Nut
Oysternut
Padre Almond
Palm Nuts
Paradise Nut
Peanuts
Pecans
Peerless Almond
Pignoli Nuts
Pili Nut
Pine Nuts
Pistachios
Red Bopple Nut
Runner Peanut
Saba Nuts
Spanish Peanut
Tiger Nuts
Valencia Peanut
Virginia Peanut
Water Caltrop
